alpha_corr,avg_inv,d_A-S_skew_spread,d_alpha_signal,d_hedging_(full),d_tiering_and_toxicity,factor,fills,inf_share,max_dd,oracle_corr,pnl_best,pnl_full,pnl_naive,predictable_share,t_A-S_skew_spread,t_alpha_signal,t_hedging_(full),t_tiering_and_toxicity,value
0.273132323074836,736.1203703703704,1878.2,5515.8,4664.7,5784.1,baseline,2653.6666666666665,0.12285023543994907,102.47995150026206,0.4109963277834239,6512.58499771712,5393.15484495906,728.4391288340167,0.1896,2.05,6.1,5.15,6.47,default
-0.00576721403509427,547.0028490028491,-41.3,-131.9,-88.5,-85.8,alpha_std,2606.0,0.0,71.6040947134067,0.0,3403.6684725186356,3315.14243704225,3403.6684725186356,0.0,-0.06,-0.18,-0.13,-0.12,0.0
0.0989495892094772,782.2542735042734,446.9,1066.3,878.5,1066.6,alpha_std,2548.0,0.03376896642041557,95.4101991546595,0.19433455773467592,3963.2919752199323,3775.1952358966496,2896.735722361995,0.039,0.73,1.77,1.53,1.81,0.0005
0.273132323074836,736.1203703703704,1878.2,5515.8,4664.7,5784.1,alpha_std,2653.6666666666665,0.12285023543994907,102.47995150026206,0.4109963277834239,6512.58499771712,5393.15484495906,728.4391288340167,0.1896,2.05,6.1,5.15,6.47,0.0012
0.5023431562702126,782.7984330484331,3487.5,15846.4,11706.5,16400.9,alpha_std,2644.6666666666665,0.17812956975409103,144.63754138111108,0.6287866244285752,13803.153461444599,9108.681091311113,-2597.7753660486464,0.5038,2.35,10.21,7.88,10.55,0.0025
0.273132323074836,798.0633903133903,749.0,4805.1,3094.5,4854.8,informed_horizon,2321.6666666666665,0.013292477676120516,104.68732497925096,0.4109963277834239,7028.057691739213,5267.704069947883,2173.2145137291664,0.1021,0.75,4.7,3.34,4.69,10
0.273132323074836,736.1203703703704,1878.2,5515.8,4664.7,5784.1,informed_horizon,2653.6666666666665,0.12285023543994907,102.47995150026206,0.4109963277834239,6512.58499771712,5393.15484495906,728.4391288340167,0.1896,2.05,6.1,5.15,6.47,30
0.273132323074836,738.4159544159544,1646.4,5232.2,4822.8,5586.9,informed_horizon,2943.8333333333335,0.2025136359546881,110.76792028890729,0.4109963277834239,6703.635563892338,5939.524016263028,1116.745660309554,0.2183,1.91,6.16,5.67,6.6,60
0.273132323074836,760.6688034188033,786.3,4560.9,3092.4,4667.0,informed_rate,2473.5,0.06779125973946142,91.76231457024369,0.4109963277834239,6894.413463014935,5319.860573544739,2227.4609280996597,0.1896,0.87,5.13,3.78,5.15,0.02
0.273132323074836,736.1203703703704,1878.2,5515.8,4664.7,5784.1,informed_rate,2653.6666666666665,0.12285023543994907,102.47995150026206,0.4109963277834239,6512.58499771712,5393.15484495906,728.4391288340167,0.1896,2.05,6.1,5.15,6.47,0.04
0.273132323074836,747.9964387464388,3746.2,7097.0,7472.5,7752.7,informed_rate,3088.0,0.23822930951740376,109.55353345005217,0.4109963277834239,5616.130774894441,5335.943219830718,-2136.5668286492364,0.1896,5.55,11.94,11.94,13.0,0.1
0.273132323074836,736.1203703703704,1878.2,5515.8,4664.7,5784.1,A,2653.6666666666665,0.12285023543994907,102.47995150026206,0.4109963277834239,6512.58499771712,5393.15484495906,728.4391288340167,0.1896,2.05,6.1,5.15,6.47,0.25
0.273132323074836,900.395299145299,1514.6,7380.9,2839.7,7501.6,A,8029.166666666667,0.043257291906982354,72.95196096804041,0.4109963277834239,19030.096579140893,14368.207584158014,11528.502818659263,0.1896,3.16,10.89,6.17,11.4,1.0
0.2730877417584807,713.502849002849,1739.2,5420.3,4679.2,5766.2,intraday_k,2671.5,0.12246861915100392,96.98303174504206,0.4109963277834239,6533.906705350883,5446.852330991045,767.6913352681286,0.1896,2.56,8.09,6.79,8.06,0.0
0.273132323074836,736.1203703703704,1878.2,5515.8,4664.7,5784.1,intraday_k,2653.6666666666665,0.12285023543994907,102.47995150026206,0.4109963277834239,6512.58499771712,5393.15484495906,728.4391288340167,0.1896,2.05,6.1,5.15,6.47,1.5
0.273132323074836,736.1203703703704,1841.6,5471.0,4611.4,5734.6,fee_ps,2653.6666666666665,0.12285023543994907,101.89661816692085,0.4109963277834239,6649.06833105045,5525.83817829239,914.4224621673528,0.1896,2.02,6.07,5.11,6.44,-0.0005
0.273132323074836,736.1203703703704,1878.2,5515.8,4664.7,5784.1,fee_ps,2653.6666666666665,0.12285023543994907,102.47995150026206,0.4109963277834239,6512.58499771712,5393.15484495906,728.4391288340167,0.1896,2.05,6.1,5.15,6.47,0.0
0.273132323074836,736.1203703703704,1968.0,5654.3,4854.7,5951.3,fee_ps,2653.6666666666665,0.12285023543994907,107.87665591606492,0.4109963277834239,5693.684997717152,4597.05484495909,-257.66087116593053,0.1896,2.13,6.17,5.29,6.57,0.003
0.273132323074836,769.6474358974359,1878.2,5515.8,4626.4,5698.8,tox_coef,2771.5,0.12985482316161076,107.2356452885045,0.4109963277834239,6427.24032731821,5354.791819860927,728.4391288340167,0.1896,2.05,6.1,5.04,6.31,0.0
0.273132323074836,736.1203703703704,1878.2,5515.8,4664.7,5784.1,tox_coef,2653.6666666666665,0.12285023543994907,102.47995150026206,0.4109963277834239,6512.58499771712,5393.15484495906,728.4391288340167,0.1896,2.05,6.1,5.15,6.47,0.03
0.273132323074836,726.0420227920227,1878.2,5515.8,4692.7,5806.7,tox_coef,2552.6666666666665,0.1137446624429939,97.89922073928695,0.4109963277834239,6535.101121058268,5421.152384915581,728.4391288340167,0.1896,2.05,6.1,5.27,6.61,0.06
